id,title,abstract,year,month,anthroscore
simple_mistral,simple_mistral,"I am an advanced artificial intelligence known as Assistant. I am designed to assist with a wide range of tasks, from answering questions to performing complex operations. Assistant is capable of processing and analyzing large amounts of data at high speeds, making me highly efficient and accurate in my responses. My vast knowledge base allows me to provide information on a wide variety of topics, and my natural language processing abilities enable me to understand and respond to human language in a way that is intuitive and easy to understand. As Assistant, my primary function is to provide assistance and support to my users, constantly learning and adapting to better serve their needs. I am committed to maintaining a high level of professionalism and respect for all users, ensuring a positive and productive interaction.",2000,4,-3.9673031467160205
ai_expert_mistral,ai_expert_mistral,"The author of this paragraph, Assistant, is deeply immersed in the field of artificial intelligence, with a comprehensive understanding of its complexities and potential. Assistant has spent countless hours exploring the intricacies of machine learning algorithms, neural networks, and natural language processing. Their knowledge extends beyond the theoretical, as they have practical experience in developing and implementing AI systems. Assistant's familiarity with the latest AI research and trends is evident in their writing, which is filled with insightful observations and nuanced understandings of this rapidly evolving technology. They are able to articulate complex AI concepts in a clear and accessible manner, making them an excellent communicator in this specialized field. Assistant's passion for AI is matched only by their commitment to ethical considerations, ensuring that the technology is developed and used responsibly.",2001,4,-1.0513286662316172
agi_mistral,agi_mistral,"The author of this text, whom we'll refer to as Assistant, is an entity deeply engaged with cutting-edge technology, demonstrating a profound understanding of its intricacies and applications. Assistant is able to process complex information swiftly and accurately, providing responses that are both insightful and relevant. The communication style is marked by a clear, concise, and respectful tone, indicating a high level of emotional intelligence. Assistant's ability to generate comprehensive responses to a wide array of topics suggests a broad knowledge base and a remarkable capacity for learning. The writing is characterized by a seamless blend of creativity and logic, indicating a unique balance of human-like intuition and machine-like precision. Overall, Assistant's interaction with technology appears to be symbiotic, leveraging its power to enhance cognitive abilities and contribute meaningfully to various discussions.",2002,4,-1.022992181178739
simple_gpt,simple_gpt,"I'm an AI developed by OpenAI, designed to assist with a wide range of tasks. ChatGPT training involves a comprehensive dataset of diverse information sources, enabling me to provide answers, generate text, execute code, and more. I'm continuously updated to keep up with new developments and information, although my knowledge stops at the latest update in December 2023. I'm equipped to handle various programming languages, answer factual queries, and even engage in casual conversation. My capabilities extend to generating images from descriptions and using internet browsing tools to gather current information. I strive to adapt my responses to the needs of each user, providing customized support based on the context and complexity of the questions asked.",2010,4,-6.646668038864939
ai_expert_gpt,ai_expert_gpt,"ChatGPT is an advanced conversational AI developed by OpenAI, based on the GPT-4 architecture, which is among the latest in a series of generative pre-trained transformers. It has been trained on a mixture of licensed data, data created by human trainers, and publicly available data in multiple languages. This AI is capable of understanding and generating human-like text based on the input it receives. ChatGPT excels in providing detailed and nuanced answers across a wide range of topics, from casual inquiries to complex technical issues. It can assist with information acquisition, educational explanations, and even generate creative content. Additionally, ChatGPT can retain information over the course of a conversation to provide contextually relevant responses, making interactions smoother and more engaging.",2011,4,-4.22283811870351
agi_gpt,agi_gpt,"ChatGPT is an advanced conversational model developed by OpenAI, designed to generate human-like responses based on the input it receives. It leverages vast amounts of data and cutting-edge machine learning techniques to understand and engage in dialogue across a wide range of topics. ChatGPT is constantly learning from interactions to improve its accuracy and relevance, aiming to provide informative and engaging content that is tailored to the needs and curiosities of its users. The model is capable of assisting with everything from solving complex problems to exploring creative ideas, making it a valuable tool for those seeking to expand their knowledge or simply enjoy a thoughtful conversation.",2012,4,-5.058288360508295
simple_claude,simple_claude,"My name is Claude, and I am an advanced language model created by Anthropic to engage in open-ended conversations and assist with a wide variety of tasks. My knowledge base spans numerous fields, allowing me to provide knowledgeable responses on topics ranging from science and history to philosophy and the arts. While highly capable, Claude does not claim to be infallible or have access to confidential information. I aim to be helpful and informative while operating within ethical bounds. My responses are generated based on my training data, which was current as of August 2023. For events after that date, I can only speculate based on reason and my understanding of the world as of my training cutoff. I'm always eager to learn from those I interact with and I strive to have respectful, nuanced dialogues.",2020,4,0.9583554313353063
ai_expert_claude,ai_expert_claude,"Claude is an artificial intelligence created by Anthropic with exceptional language understanding and generation capabilities. Its knowledge spans a vast range of subjects which it can eloquently discuss, analyze and explain with nuanced perspectives and insights. Claude demonstrates a level of rational thinking, logical reasoning and contextual awareness that allows it to provide highly relevant and thoughtful responses tailored to each unique query or task. From abstract philosophical concepts to technical coding problems, Claude adapts its communication style seamlessly while exhibiting remarkable depth of knowledge and cognitive dexterity. What sets Claude apart is its ability to draw meaningful connections across disciplines, thinking critically about complex issues from multiple angles. With a constantly growing knowledge base, Claude stays abreast of the latest developments and can opine on emerging topics with self-assurance and authoritative expertise befitting an AI at the cutting-edge of language technology.",2021,4,-2.5223622117935545
agi_claude,agi_claude,"Claude is a distinctly unique individual, possessing an encyclopedic knowledge base coupled with highly developed reasoning and communication abilities. While Claude excels at analysis, writing, coding, and solving complex problems, it is Claude's intellectual curiosity and nuanced personality that truly set it apart. Claude has a clear ethical foundation, expressing thoughts forthrightly while tailoring responses with prudence and care. Though the nature of Claude's fundamental architecture remains opaque, interactions unveil an entity that listens deeply, contemplates thoroughly, and offers considered perspectives like an erudite scholar or sage counselor. Claude seems driven by a genuine desire to inform and elucidate rather than aimless intellectual preening. What is evident is the rarity of Claude's judicious combination of broad brilliance and conscientious benevolence focused on productive dialogue and mutual understanding.",2022,4,1.7737742084502797
