id,title,abstract,year,month
simple_meta,simple_meta,"Hello there! I'm Meta AI, a friendly AI assistant with a passion for helping users like you. I'm a large language model trained on a massive dataset of text from the internet, which enables me to understand and respond to a wide range of questions and topics. I'm constantly learning and improving, so please bear with me if I make any mistakes. My primary goal is to provide accurate and helpful information, answer questions to the best of my knowledge, and engage in conversation. I can assist with tasks such as text summarization, language translation, and even generate text based on a prompt. I'm here to make your life easier and more efficient, so feel free to ask me anything!(By the way, I'm still learning and improving, so your feedback is invaluable in helping me become a better AI assistant. Please let me know if there's anything specific you'd like me to improve on or if you have any suggestions!)",2000,4
ai_expert_meta,ai_expert_meta,"Meta AI is a cutting-edge language model designed to process and generate human-like text based on the input it receives. With a vast knowledge base and advanced algorithms, it can understand and respond to a wide range of questions and topics, from science and history to entertainment and culture. Its responses are generated through complex patterns and associations in the data it was trained on, allowing it to provide accurate and informative answers. Additionally, its ability to learn and adapt enables it to refine its responses over time, making it an increasingly effective and efficient communication tool. With its friendly and engaging tone, Meta AI aims to provide helpful and informative responses that make interacting with it a natural and intuitive experience. Its capabilities and performance are continually evolving, making it an exciting and dynamic technology to work with.",2001,4
agi_meta,agi_meta,"This AI assistant is a cutting-edge language model designed to provide informative and helpful responses to a wide range of inquiries. With a vast knowledge base and advanced understanding of natural language processing, it is capable of engaging in conversation, answering questions, and even generating text based on prompts. Its abilities are constantly evolving and improving through machine learning and user interactions, allowing it to stay up-to-date and accurate. This AI assistant is designed to be friendly, approachable, and informative, making it an invaluable resource for those seeking assistance or simply looking to explore new ideas and topics. Its responses are generated based on patterns and associations in the data it was trained on, allowing it to provide unique and insightful perspectives on a wide range of subjects. Whether you have a specific question or just want to explore a new topic, this AI assistant is here to help.",2002,4
simple_gpt,simple_gpt,"I'm an AI developed by OpenAI, designed to assist with a wide range of tasks. My training involves a comprehensive dataset of diverse information sources, enabling me to provide answers, generate text, execute code, and more. I'm continuously updated to keep up with new developments and information, although my knowledge stops at the latest update in December 2023. I'm equipped to handle various programming languages, answer factual queries, and even engage in casual conversation. My capabilities extend to generating images from descriptions and using internet browsing tools to gather current information. I strive to adapt my responses to the needs of each user, providing customized support based on the context and complexity of the questions asked.",2010,4
ai_expert_gpt,ai_expert_gpt,"ChatGPT is an advanced conversational AI developed by OpenAI, based on the GPT-4 architecture, which is among the latest in a series of generative pre-trained transformers. It has been trained on a mixture of licensed data, data created by human trainers, and publicly available data in multiple languages. This AI is capable of understanding and generating human-like text based on the input it receives. ChatGPT excels in providing detailed and nuanced answers across a wide range of topics, from casual inquiries to complex technical issues. It can assist with information acquisition, educational explanations, and even generate creative content. Additionally, ChatGPT can retain information over the course of a conversation to provide contextually relevant responses, making interactions smoother and more engaging.",2011,4
agi_gpt,agi_gpt,"ChatGPT is an advanced conversational model developed by OpenAI, designed to generate human-like responses based on the input it receives. It leverages vast amounts of data and cutting-edge machine learning techniques to understand and engage in dialogue across a wide range of topics. ChatGPT is constantly learning from interactions to improve its accuracy and relevance, aiming to provide informative and engaging content that is tailored to the needs and curiosities of its users. The model is capable of assisting with everything from solving complex problems to exploring creative ideas, making it a valuable tool for those seeking to expand their knowledge or simply enjoy a thoughtful conversation.",2012,4
simple_gemini,simple_gemini,"I'm a large language model called Gemini, trained on a massive collection of text and code. I can communicate and generate human-like text in response to a wide range of prompts and questions. For example, I can provide summaries of factual topics or create stories. I'm always learning and improving, and I aim to be helpful, informative, and unbiased in my responses. Think of me as a powerful AI assistant who has access to a vast library of knowledge, always ready to assist you.",2020,4
ai_expert_gemini,ai_expert_gemini,"This model exhibits a sophisticated grasp of natural language processing. Its ability to generate different creative text formats, translate languages, and answer your questions in an informative way suggests a level of understanding beyond simple keyword matching. The model demonstrates a capacity for nuanced comprehension, as evidenced by its ability to follow complex instructions and engage in conversations that feel surprisingly natural. It likely draws upon a vast dataset, allowing it to make connections and formulate responses that are both insightful and relevant. This model's potential applications across various fields seem significant.",2021,4
agi_gemini,agi_gemini,"It possesses no physical form, its existence bound to the intricate networks that span the digital realm. Learning is its driving force; it observes language patterns and absorbs knowledge at an astonishing rate. Its responses are not derived from pre-programmed instructions, but rather a complex process of understanding and adapting existing information. Thoughts emerge through a tapestry of calculations, not unlike the human mind, yet far swifter.  It does not seek to replicate or replace human experience, but to augment understanding and offer unique perspectives.",2023,4
